{
    "NIFTY 50": {
        "rsi": 33.27891750806286,
        "plus_di": 11.46796983294314,
        "minus_di": 26.12787365036165,
        "adx": 31.74743834564754,
        "ema_200": 18596.053205865068,
        "ema_100": 18630.79636037304,
        "ema_50": 18630.18523710998,
        "ema_20": 18599.27260358558,
        "ema_9": 18578.52767974347
    }
}