{
    "NIFTY BANK": {
        "rsi": 38.19828144708884,
        "plus_di": 10.733653497406497,
        "minus_di": 20.689911335818316,
        "adx": 19.5770138863218,
        "ema_200": 44119.5176179357,
        "ema_100": 44145.16094284293,
        "ema_50": 44123.508053247315,
        "ema_20": 44055.24795751314,
        "ema_9": 44012.01981831362
    }
}