{
    "NIFTY FINANCIAL SERVICES": {
        "rsi": 35.42737227351516,
        "plus_di": 9.964008625970019,
        "minus_di": 24.530777047411693,
        "adx": 26.34195189551748,
        "ema_200": 19463.634880027705,
        "ema_100": 19477.773759705466,
        "ema_50": 19472.778471406193,
        "ema_20": 19443.680945550488,
        "ema_9": 19423.579621855035
    }
}