{
    "NIFTY MEDIA": {
        "rsi": 24.168756650132337,
        "plus_di": 5.587143567559784,
        "minus_di": 39.78938993741069,
        "adx": 31.507609579748443,
        "ema_200": 1777.6012096396587,
        "ema_100": 1785.5024998852618,
        "ema_50": 1780.6973104573078,
        "ema_20": 1771.1952023759031,
        "ema_9": 1766.5108841713284
    }
}