{
    "NIFTY REALTY": {
        "rsi": 40.81048054875204,
        "plus_di": 7.614065209171184,
        "minus_di": 33.55727383170344,
        "adx": 19.060219673217187,
        "ema_200": 492.87951054038655,
        "ema_100": 498.4810856891989,
        "ema_50": 500.07337919780076,
        "ema_20": 499.44663382348955,
        "ema_9": 498.5661580667171
    }
}