{
    "NIFTY IT": {
        "rsi": 31.31155656679377,
        "plus_di": 13.345516899056904,
        "minus_di": 27.64535294737001,
        "adx": 21.47561305140252,
        "ema_200": 28840.268495892844,
        "ema_100": 28682.83274603702,
        "ema_50": 28530.000964019848,
        "ema_20": 28418.98120527929,
        "ema_9": 28384.95728538873
    }
}