{
    "NIFTY PRIVATE BANK": {
        "rsi": 39.43374850941323,
        "plus_di": 8.553187460058389,
        "minus_di": 25.447981136177756,
        "adx": 10.150021828456273,
        "ema_200": 22492.232464367487,
        "ema_100": 22526.650462195856,
        "ema_50": 22525.778133695305,
        "ema_20": 22501.727341232763,
        "ema_9": 22481.24623323259
    }
}