{
    "NIFTY METAL": {
        "rsi": 44.434160545469574,
        "plus_di": 16.845982947875118,
        "minus_di": 21.451121487025762,
        "adx": 22.877507617065675,
        "ema_200": 5992.138079530006,
        "ema_100": 6029.77309596371,
        "ema_50": 6048.589997062746,
        "ema_20": 6047.423323794735,
        "ema_9": 6042.65423348271
    }
}