{
    "NIFTY PHARMA": {
        "rsi": 33.77827899669782,
        "plus_di": 5.718672227408699,
        "minus_di": 30.367237396270923,
        "adx": 43.804819257674296,
        "ema_200": 12867.837533460606,
        "ema_100": 12930.457187805881,
        "ema_50": 12923.373282367244,
        "ema_20": 12886.989182478326,
        "ema_9": 12870.794989614224
    }
}