{
    "NIFTY HEALTHCARE": {
        "rsi": 36.66786317469091,
        "plus_di": 8.971755054843134,
        "minus_di": 28.900206317786747,
        "adx": 22.628110307550976,
        "ema_200": 8338.917306035766,
        "ema_100": 8389.334759870526,
        "ema_50": 8394.910818173763,
        "ema_20": 8378.06255978065,
        "ema_9": 8368.677468270122
    }
}