{
    "NIFTY FMCG": {
        "rsi": 37.29610577882336,
        "plus_di": 6.288155506665056,
        "minus_di": 27.7788785251667,
        "adx": 34.164032584856905,
        "ema_200": 50971.0706728789,
        "ema_100": 51076.266953878214,
        "ema_50": 50986.10106190312,
        "ema_20": 50800.93811600264,
        "ema_9": 50715.226639660425
    }
}