{
    "NIFTY AUTO": {
        "rsi": 36.01898403551515,
        "plus_di": 6.656465059215136,
        "minus_di": 27.809520457407448,
        "adx": 24.221139451257816,
        "ema_200": 14549.24493341689,
        "ema_100": 14665.990979294393,
        "ema_50": 14688.512920345944,
        "ema_20": 14657.232896044161,
        "ema_9": 14637.642090374575
    }
}