{
    "NIFTY 50": {
        "weighted_pcr": 0.6254346769980315,
        "sum_weights_advance": 37.35152690487017
    }
}