{
    "NIFTY FINANCIAL SERVICES": {
        "weighted_pcr": 0.6858338159593946,
        "sum_weights_advance": 60.75071182023791
    }
}