{
    "NIFTY BANK": {
        "weighted_pcr": 0.6892996296735238,
        "sum_weights_advance": 74.05989007467002
    }
}